image_path,label
safebooru_subset/images/2310502.jpg,black_hair
safebooru_subset/images/2918523.jpg,black_hair
safebooru_subset/images/2796082.jpg,black_hair
safebooru_subset/images/2628714.jpg,black_hair
safebooru_subset/images/1374164.jpg,black_hair
safebooru_subset/images/1928723.jpg,black_hair
safebooru_subset/images/1840860.jpg,black_hair
safebooru_subset/images/2374824.jpg,black_hair
safebooru_subset/images/2450571.jpg,black_hair
safebooru_subset/images/2785584.jpg,black_hair
safebooru_subset/images/2195423.jpg,black_hair
safebooru_subset/images/2981943.jpg,black_hair
safebooru_subset/images/2105227.jpg,black_hair
safebooru_subset/images/2268774.jpg,black_hair
safebooru_subset/images/2848612.jpg,black_hair
safebooru_subset/images/3138556.jpg,black_hair
safebooru_subset/images/2361897.jpg,black_hair
safebooru_subset/images/2329988.jpg,black_hair
safebooru_subset/images/2681099.jpg,black_hair
safebooru_subset/images/2636167.jpg,black_hair
safebooru_subset/images/3091646.jpg,black_hair
safebooru_subset/images/2429187.jpg,black_hair
safebooru_subset/images/2681818.jpg,black_hair
safebooru_subset/images/1292716.jpg,black_hair
safebooru_subset/images/2626368.jpg,black_hair
safebooru_subset/images/2839170.jpg,black_hair
safebooru_subset/images/3121383.jpg,black_hair
safebooru_subset/images/3049537.jpg,black_hair
safebooru_subset/images/2365694.jpg,black_hair
safebooru_subset/images/1757281.jpg,black_hair
safebooru_subset/images/2193482.jpg,black_hair
safebooru_subset/images/1293580.jpg,black_hair
safebooru_subset/images/1396641.jpg,black_hair
safebooru_subset/images/2145607.jpg,black_hair
safebooru_subset/images/2196521.jpg,black_hair
safebooru_subset/images/2340938.jpg,black_hair
safebooru_subset/images/2236731.jpg,black_hair
safebooru_subset/images/3129357.jpg,black_hair
safebooru_subset/images/1905449.jpg,black_hair
safebooru_subset/images/2578679.jpg,black_hair
safebooru_subset/images/1787087.jpg,black_hair
safebooru_subset/images/2296741.jpg,black_hair
safebooru_subset/images/2843403.jpg,black_hair
safebooru_subset/images/2496097.jpg,black_hair
safebooru_subset/images/2557631.jpg,black_hair
safebooru_subset/images/1889702.jpg,black_hair
safebooru_subset/images/2064252.jpg,black_hair
safebooru_subset/images/3054795.jpg,black_hair
safebooru_subset/images/2786017.jpg,black_hair
safebooru_subset/images/2382829.jpg,black_hair
safebooru_subset/images/2716037.jpg,black_hair
safebooru_subset/images/1893405.jpg,black_hair
safebooru_subset/images/2315656.jpg,black_hair
safebooru_subset/images/1895409.jpg,black_hair
safebooru_subset/images/2432017.jpg,black_hair
safebooru_subset/images/2173822.jpg,black_hair
safebooru_subset/images/2355907.jpg,black_hair
safebooru_subset/images/2666216.jpg,black_hair
safebooru_subset/images/3063878.jpg,black_hair
safebooru_subset/images/2701438.jpg,black_hair
safebooru_subset/images/2359269.jpg,black_hair
safebooru_subset/images/3101537.jpg,black_hair
safebooru_subset/images/3091772.jpg,black_hair
safebooru_subset/images/2974410.jpg,black_hair
safebooru_subset/images/2647947.jpg,black_hair
safebooru_subset/images/2309215.jpg,black_hair
safebooru_subset/images/2557779.jpg,black_hair
safebooru_subset/images/2787547.jpg,black_hair
safebooru_subset/images/2940295.jpg,black_hair
safebooru_subset/images/2194078.jpg,black_hair
safebooru_subset/images/2136575.jpg,black_hair
safebooru_subset/images/2358122.jpg,black_hair
safebooru_subset/images/2208709.jpg,black_hair
safebooru_subset/images/2179175.jpg,black_hair
safebooru_subset/images/3092814.jpg,black_hair
safebooru_subset/images/1737458.jpg,black_hair
safebooru_subset/images/2128386.jpg,black_hair
safebooru_subset/images/1319063.jpg,black_hair
safebooru_subset/images/2151709.jpg,black_hair
safebooru_subset/images/2162126.jpg,black_hair
safebooru_subset/images/2794130.jpg,black_hair
safebooru_subset/images/1619390.jpg,black_hair
safebooru_subset/images/2446495.jpg,black_hair
safebooru_subset/images/2045190.jpg,black_hair
safebooru_subset/images/2102534.jpg,blonde_hair
safebooru_subset/images/2713942.jpg,blonde_hair
safebooru_subset/images/2382754.jpg,blonde_hair
safebooru_subset/images/1317622.jpg,blonde_hair
safebooru_subset/images/2192872.jpg,blonde_hair
safebooru_subset/images/2450176.jpg,blonde_hair
safebooru_subset/images/1897884.jpg,blonde_hair
safebooru_subset/images/2611668.jpg,blonde_hair
safebooru_subset/images/2785531.jpg,blonde_hair
safebooru_subset/images/2176167.jpg,blonde_hair
safebooru_subset/images/2652536.jpg,blonde_hair
safebooru_subset/images/2997520.jpg,blonde_hair
safebooru_subset/images/1365131.jpg,blonde_hair
safebooru_subset/images/2526513.jpg,blonde_hair
safebooru_subset/images/3012866.jpg,blonde_hair
safebooru_subset/images/2486358.jpg,blonde_hair
safebooru_subset/images/2763295.jpg,blonde_hair
safebooru_subset/images/2940866.jpg,blonde_hair
safebooru_subset/images/2845089.jpg,blonde_hair
safebooru_subset/images/2260954.jpg,blonde_hair
safebooru_subset/images/3029788.jpg,blonde_hair
safebooru_subset/images/2035266.jpg,blonde_hair
safebooru_subset/images/2829396.jpg,blonde_hair
safebooru_subset/images/1554280.jpg,blonde_hair
safebooru_subset/images/2343243.jpg,blonde_hair
safebooru_subset/images/3014576.jpg,blonde_hair
safebooru_subset/images/2885571.jpg,blonde_hair
safebooru_subset/images/1931589.jpg,blonde_hair
safebooru_subset/images/2732387.jpg,blonde_hair
safebooru_subset/images/2487143.jpg,blonde_hair
safebooru_subset/images/1540724.jpg,blonde_hair
safebooru_subset/images/1128516.jpg,blonde_hair
safebooru_subset/images/1729018.jpg,blonde_hair
safebooru_subset/images/2440588.jpg,blonde_hair
safebooru_subset/images/3013603.jpg,blonde_hair
safebooru_subset/images/2591480.jpg,blonde_hair
safebooru_subset/images/1996730.jpg,blonde_hair
safebooru_subset/images/2651749.jpg,blonde_hair
safebooru_subset/images/2483306.jpg,blonde_hair
safebooru_subset/images/2676039.jpg,blonde_hair
safebooru_subset/images/2233100.jpg,blonde_hair
safebooru_subset/images/2634929.jpg,blonde_hair
safebooru_subset/images/2333270.jpg,blonde_hair
safebooru_subset/images/1835286.jpg,blonde_hair
safebooru_subset/images/2434684.jpg,blonde_hair
safebooru_subset/images/1616696.jpg,blonde_hair
safebooru_subset/images/2544598.jpg,blonde_hair
safebooru_subset/images/2316666.jpg,blonde_hair
safebooru_subset/images/2647112.jpg,blonde_hair
safebooru_subset/images/2615455.jpg,blonde_hair
safebooru_subset/images/3009207.jpg,blonde_hair
safebooru_subset/images/999379.jpg,blonde_hair
safebooru_subset/images/2650770.jpg,blonde_hair
safebooru_subset/images/2064251.jpg,blonde_hair
safebooru_subset/images/2992054.jpg,blonde_hair
safebooru_subset/images/1941352.jpg,blonde_hair
safebooru_subset/images/2630907.jpg,blonde_hair
safebooru_subset/images/2509991.jpg,blonde_hair
safebooru_subset/images/2283204.jpg,blonde_hair
safebooru_subset/images/3052530.jpg,blonde_hair
safebooru_subset/images/2173814.jpg,blonde_hair
safebooru_subset/images/1555805.jpg,blonde_hair
safebooru_subset/images/2704456.jpg,blonde_hair
safebooru_subset/images/2619160.jpg,blonde_hair
safebooru_subset/images/2715826.jpg,blonde_hair
safebooru_subset/images/3026987.jpg,blonde_hair
safebooru_subset/images/1773703.jpg,blonde_hair
safebooru_subset/images/2993528.jpg,blonde_hair
safebooru_subset/images/2203089.jpg,blonde_hair
safebooru_subset/images/2202656.jpg,blonde_hair
safebooru_subset/images/2182532.jpg,blonde_hair
safebooru_subset/images/1584420.jpg,blonde_hair
safebooru_subset/images/1329999.jpg,blonde_hair
safebooru_subset/images/2897670.jpg,blonde_hair
safebooru_subset/images/2275109.jpg,blonde_hair
safebooru_subset/images/2845580.jpg,blonde_hair
safebooru_subset/images/1753882.jpg,blonde_hair
safebooru_subset/images/2416118.jpg,blonde_hair
safebooru_subset/images/2956343.jpg,blonde_hair
safebooru_subset/images/1752247.jpg,blonde_hair
safebooru_subset/images/2136482.jpg,blonde_hair
safebooru_subset/images/2128795.jpg,brown_hair
safebooru_subset/images/2484639.jpg,brown_hair
safebooru_subset/images/2578755.jpg,brown_hair
safebooru_subset/images/2632011.jpg,brown_hair
safebooru_subset/images/2159586.jpg,brown_hair
safebooru_subset/images/1012581.jpg,brown_hair
safebooru_subset/images/2776145.jpg,brown_hair
safebooru_subset/images/2140289.jpg,brown_hair
safebooru_subset/images/2640681.jpg,brown_hair
safebooru_subset/images/2627796.jpg,brown_hair
safebooru_subset/images/2661607.jpg,brown_hair
safebooru_subset/images/3064360.jpg,brown_hair
safebooru_subset/images/2039740.jpg,brown_hair
safebooru_subset/images/1610683.jpg,brown_hair
safebooru_subset/images/2882634.jpg,brown_hair
safebooru_subset/images/1415029.jpg,brown_hair
safebooru_subset/images/2276864.jpg,brown_hair
safebooru_subset/images/2679152.jpg,brown_hair
safebooru_subset/images/2774905.jpg,brown_hair
safebooru_subset/images/2511216.jpg,brown_hair
safebooru_subset/images/2162753.jpg,brown_hair
safebooru_subset/images/2842402.jpg,brown_hair
safebooru_subset/images/2026372.jpg,brown_hair
safebooru_subset/images/2488753.jpg,brown_hair
safebooru_subset/images/1215365.jpg,brown_hair
safebooru_subset/images/2469172.jpg,brown_hair
safebooru_subset/images/2735440.jpg,brown_hair
safebooru_subset/images/2368391.jpg,brown_hair
safebooru_subset/images/2671017.jpg,brown_hair
safebooru_subset/images/2867459.jpg,brown_hair
safebooru_subset/images/2726577.jpg,brown_hair
safebooru_subset/images/1918277.jpg,brown_hair
safebooru_subset/images/1932285.jpg,brown_hair
safebooru_subset/images/1344355.jpg,brown_hair
safebooru_subset/images/3110704.jpg,brown_hair
safebooru_subset/images/2409827.jpg,brown_hair
safebooru_subset/images/2269755.jpg,brown_hair
safebooru_subset/images/2276138.jpg,brown_hair
safebooru_subset/images/2739860.jpg,brown_hair
safebooru_subset/images/2198482.jpg,brown_hair
safebooru_subset/images/2668639.jpg,brown_hair
safebooru_subset/images/2293747.jpg,brown_hair
safebooru_subset/images/2496126.jpg,brown_hair
safebooru_subset/images/2303568.jpg,brown_hair
safebooru_subset/images/3086199.jpg,brown_hair
safebooru_subset/images/2430904.jpg,brown_hair
safebooru_subset/images/2225520.jpg,brown_hair
safebooru_subset/images/2883761.jpg,brown_hair
safebooru_subset/images/1977416.jpg,brown_hair
safebooru_subset/images/2380025.jpg,brown_hair
safebooru_subset/images/2819547.jpg,brown_hair
safebooru_subset/images/2808613.jpg,brown_hair
safebooru_subset/images/2504232.jpg,brown_hair
safebooru_subset/images/2128211.jpg,brown_hair
safebooru_subset/images/2558242.jpg,brown_hair
safebooru_subset/images/2406759.jpg,brown_hair
safebooru_subset/images/1585613.jpg,brown_hair
safebooru_subset/images/2216420.jpg,brown_hair
safebooru_subset/images/1489301.jpg,brown_hair
safebooru_subset/images/2794138.jpg,brown_hair
safebooru_subset/images/2091953.jpg,brown_hair
safebooru_subset/images/2557502.jpg,brown_hair
safebooru_subset/images/2643091.jpg,brown_hair
safebooru_subset/images/2330880.jpg,brown_hair
safebooru_subset/images/2005327.jpg,brown_hair
safebooru_subset/images/2844850.jpg,brown_hair
safebooru_subset/images/1829304.jpg,brown_hair
safebooru_subset/images/2988826.jpg,brown_hair
safebooru_subset/images/3062046.jpg,brown_hair
safebooru_subset/images/3123683.jpg,brown_hair
safebooru_subset/images/2581232.jpg,brown_hair
safebooru_subset/images/2044321.jpg,brown_hair
safebooru_subset/images/3124421.jpg,brown_hair
safebooru_subset/images/2550613.jpg,brown_hair
safebooru_subset/images/3045281.jpg,brown_hair
safebooru_subset/images/2959683.jpg,brown_hair
safebooru_subset/images/1886970.jpg,brown_hair
safebooru_subset/images/2756957.jpg,brown_hair
safebooru_subset/images/1519674.jpg,brown_hair
safebooru_subset/images/2991425.jpg,brown_hair
safebooru_subset/images/3100482.jpg,brown_hair
safebooru_subset/images/1768780.jpg,brown_hair
safebooru_subset/images/2403437.jpg,brown_hair
safebooru_subset/images/2516485.jpg,brown_hair
safebooru_subset/images/1593478.jpg,brown_hair
safebooru_subset/images/2341744.jpg,brown_hair
safebooru_subset/images/1807056.jpg,brown_hair
safebooru_subset/images/1282076.jpg,brown_hair
safebooru_subset/images/2239506.jpg,brown_hair
safebooru_subset/images/2388008.jpg,brown_hair
safebooru_subset/images/3098101.jpg,blue_hair
safebooru_subset/images/2713826.jpg,blue_hair
safebooru_subset/images/2307906.jpg,blue_hair
safebooru_subset/images/2814814.jpg,blue_hair
safebooru_subset/images/1765663.jpg,blue_hair
safebooru_subset/images/2393578.jpg,blue_hair
safebooru_subset/images/2162497.jpg,blue_hair
safebooru_subset/images/2211672.jpg,blue_hair
safebooru_subset/images/2866151.jpg,blue_hair
safebooru_subset/images/2497667.jpg,blue_hair
safebooru_subset/images/2990421.jpg,blue_hair
safebooru_subset/images/3122150.jpg,blue_hair
safebooru_subset/images/2869978.jpg,blue_hair
safebooru_subset/images/2562089.jpg,blue_hair
safebooru_subset/images/2850378.jpg,blue_hair
safebooru_subset/images/3139582.jpg,blue_hair
safebooru_subset/images/2161640.jpg,blue_hair
safebooru_subset/images/3106819.jpg,blue_hair
safebooru_subset/images/2808533.jpg,blue_hair
safebooru_subset/images/3103823.jpg,blue_hair
safebooru_subset/images/3135469.jpg,blue_hair
safebooru_subset/images/3102749.jpg,blue_hair
safebooru_subset/images/1863269.jpg,blue_hair
safebooru_subset/images/1789709.jpg,blue_hair
safebooru_subset/images/2304913.jpg,blue_hair
safebooru_subset/images/2855673.jpg,blue_hair
safebooru_subset/images/2178131.jpg,blue_hair
safebooru_subset/images/2337161.jpg,blue_hair
safebooru_subset/images/2700242.jpg,blue_hair
safebooru_subset/images/2359346.jpg,blue_hair
safebooru_subset/images/2908597.jpg,blue_hair
safebooru_subset/images/2980195.jpg,blue_hair
safebooru_subset/images/2776025.jpg,blue_hair
safebooru_subset/images/1490637.jpg,blue_hair
safebooru_subset/images/1713014.jpg,blue_hair
safebooru_subset/images/2632773.jpg,blue_hair
safebooru_subset/images/2016478.jpg,blue_hair
safebooru_subset/images/2455119.jpg,blue_hair
safebooru_subset/images/3001213.jpg,blue_hair
safebooru_subset/images/3136846.jpg,blue_hair
safebooru_subset/images/2221271.jpg,blue_hair
safebooru_subset/images/2997592.jpg,blue_hair
safebooru_subset/images/1681304.jpg,blue_hair
safebooru_subset/images/1833221.jpg,blue_hair
safebooru_subset/images/1381210.jpg,blue_hair
safebooru_subset/images/2070933.jpg,blue_hair
safebooru_subset/images/2247165.jpg,blue_hair
safebooru_subset/images/2998126.jpg,blue_hair
safebooru_subset/images/2827228.jpg,blue_hair
safebooru_subset/images/2779241.jpg,blue_hair
safebooru_subset/images/2632771.jpg,blue_hair
safebooru_subset/images/2404044.jpg,blue_hair
safebooru_subset/images/2181821.jpg,blue_hair
safebooru_subset/images/2791767.jpg,blue_hair
safebooru_subset/images/3040441.jpg,blue_hair
safebooru_subset/images/2218167.jpg,blue_hair
safebooru_subset/images/2963277.jpg,blue_hair
safebooru_subset/images/2014976.jpg,blue_hair
safebooru_subset/images/1773111.jpg,blue_hair
safebooru_subset/images/3045465.jpg,blue_hair
safebooru_subset/images/2488148.jpg,blue_hair
safebooru_subset/images/2474615.jpg,blue_hair
safebooru_subset/images/2988870.jpg,blue_hair
safebooru_subset/images/2212484.jpg,blue_hair
safebooru_subset/images/1226703.jpg,blue_hair
safebooru_subset/images/2245646.jpg,blue_hair
safebooru_subset/images/2207527.jpg,blue_hair
safebooru_subset/images/2492287.jpg,blue_hair
safebooru_subset/images/2792494.jpg,blue_hair
safebooru_subset/images/3137722.jpg,blue_hair
safebooru_subset/images/2519479.jpg,blue_hair
safebooru_subset/images/2975017.jpg,blue_hair
safebooru_subset/images/2704503.jpg,blue_hair
safebooru_subset/images/2598707.jpg,blue_hair
safebooru_subset/images/2240435.jpg,blue_hair
safebooru_subset/images/2910924.jpg,blue_hair
safebooru_subset/images/2020449.jpg,blue_hair
safebooru_subset/images/2751479.jpg,blue_hair
safebooru_subset/images/1849689.jpg,blue_hair
safebooru_subset/images/1797171.jpg,blue_hair
safebooru_subset/images/2867921.jpg,blue_hair
safebooru_subset/images/2237079.jpg,blue_hair
safebooru_subset/images/2798582.jpg,pink_hair
safebooru_subset/images/2981498.jpg,pink_hair
safebooru_subset/images/3093990.jpg,pink_hair
safebooru_subset/images/2697673.jpg,pink_hair
safebooru_subset/images/2927509.jpg,pink_hair
safebooru_subset/images/2808109.jpg,pink_hair
safebooru_subset/images/2916540.jpg,pink_hair
safebooru_subset/images/2999234.jpg,pink_hair
safebooru_subset/images/2962963.jpg,pink_hair
safebooru_subset/images/1528273.jpg,pink_hair
safebooru_subset/images/2927320.jpg,pink_hair
safebooru_subset/images/2674527.jpg,pink_hair
safebooru_subset/images/2595256.jpg,pink_hair
safebooru_subset/images/2358768.jpg,pink_hair
safebooru_subset/images/1311584.jpg,pink_hair
safebooru_subset/images/2584440.jpg,pink_hair
safebooru_subset/images/2511661.jpg,pink_hair
safebooru_subset/images/2487174.jpg,pink_hair
safebooru_subset/images/2478342.jpg,pink_hair
safebooru_subset/images/2450155.jpg,pink_hair
safebooru_subset/images/1903773.jpg,pink_hair
safebooru_subset/images/2274030.jpg,pink_hair
safebooru_subset/images/2628917.jpg,pink_hair
safebooru_subset/images/2570747.jpg,pink_hair
safebooru_subset/images/1869514.jpg,pink_hair
safebooru_subset/images/1836095.jpg,pink_hair
safebooru_subset/images/2258153.jpg,pink_hair
safebooru_subset/images/2052521.jpg,pink_hair
safebooru_subset/images/2622353.jpg,pink_hair
safebooru_subset/images/3057660.jpg,pink_hair
safebooru_subset/images/2862076.jpg,pink_hair
safebooru_subset/images/2746608.jpg,pink_hair
safebooru_subset/images/1669935.jpg,pink_hair
safebooru_subset/images/2973829.jpg,pink_hair
safebooru_subset/images/1859899.jpg,pink_hair
safebooru_subset/images/2926012.jpg,pink_hair
safebooru_subset/images/2675009.jpg,pink_hair
safebooru_subset/images/2501826.jpg,pink_hair
safebooru_subset/images/2161202.jpg,pink_hair
safebooru_subset/images/2722642.jpg,pink_hair
safebooru_subset/images/2348367.jpg,pink_hair
safebooru_subset/images/2124968.jpg,pink_hair
safebooru_subset/images/1358703.jpg,pink_hair
safebooru_subset/images/2811116.jpg,pink_hair
safebooru_subset/images/2123632.jpg,pink_hair
safebooru_subset/images/2169905.jpg,pink_hair
safebooru_subset/images/3043287.jpg,pink_hair
safebooru_subset/images/3069864.jpg,pink_hair
safebooru_subset/images/2215906.jpg,pink_hair
safebooru_subset/images/2804676.jpg,pink_hair
safebooru_subset/images/1570057.jpg,pink_hair
safebooru_subset/images/2566647.jpg,pink_hair
safebooru_subset/images/3049970.jpg,pink_hair
safebooru_subset/images/2155992.jpg,pink_hair
safebooru_subset/images/2882915.jpg,pink_hair
safebooru_subset/images/2426025.jpg,pink_hair
safebooru_subset/images/2998701.jpg,pink_hair
safebooru_subset/images/2318071.jpg,pink_hair
safebooru_subset/images/2112027.jpg,pink_hair
safebooru_subset/images/2897855.jpg,pink_hair
safebooru_subset/images/2969447.jpg,pink_hair
safebooru_subset/images/2967583.jpg,pink_hair
safebooru_subset/images/2608529.jpg,pink_hair
safebooru_subset/images/1261099.jpg,pink_hair
safebooru_subset/images/2817300.jpg,pink_hair
safebooru_subset/images/2996817.jpg,pink_hair
safebooru_subset/images/2598797.jpg,pink_hair
safebooru_subset/images/1854113.jpg,pink_hair
safebooru_subset/images/2714821.jpg,pink_hair
safebooru_subset/images/1248818.jpg,pink_hair
safebooru_subset/images/2643836.jpg,pink_hair
safebooru_subset/images/2037259.jpg,pink_hair
safebooru_subset/images/2531332.jpg,pink_hair
safebooru_subset/images/2098020.jpg,pink_hair
safebooru_subset/images/2625965.jpg,pink_hair
safebooru_subset/images/2970594.jpg,pink_hair
safebooru_subset/images/2555822.jpg,pink_hair
safebooru_subset/images/3129104.jpg,pink_hair
safebooru_subset/images/2828253.jpg,pink_hair
safebooru_subset/images/2393488.jpg,pink_hair
safebooru_subset/images/2802940.jpg,pink_hair
safebooru_subset/images/3061378.jpg,pink_hair
safebooru_subset/images/2396082.jpg,pink_hair
safebooru_subset/images/3113685.jpg,white_hair
safebooru_subset/images/2626979.jpg,white_hair
safebooru_subset/images/2841374.jpg,white_hair
safebooru_subset/images/2198830.jpg,white_hair
safebooru_subset/images/2961973.jpg,white_hair
safebooru_subset/images/2970334.jpg,white_hair
safebooru_subset/images/2343375.jpg,white_hair
safebooru_subset/images/2543331.jpg,white_hair
safebooru_subset/images/2600613.jpg,white_hair
safebooru_subset/images/2131543.jpg,white_hair
safebooru_subset/images/1314819.jpg,white_hair
safebooru_subset/images/1680706.jpg,white_hair
safebooru_subset/images/3011502.jpg,white_hair
safebooru_subset/images/3115076.jpg,white_hair
safebooru_subset/images/3076572.jpg,white_hair
safebooru_subset/images/1722822.jpg,white_hair
safebooru_subset/images/1543285.jpg,white_hair
safebooru_subset/images/1115740.jpg,white_hair
safebooru_subset/images/2486427.jpg,white_hair
safebooru_subset/images/2298231.jpg,white_hair
safebooru_subset/images/2212909.jpg,white_hair
safebooru_subset/images/2868692.jpg,white_hair
safebooru_subset/images/2973036.jpg,white_hair
safebooru_subset/images/2377972.jpg,white_hair
safebooru_subset/images/1986100.jpg,white_hair
safebooru_subset/images/3008522.jpg,white_hair
safebooru_subset/images/2746612.jpg,white_hair
safebooru_subset/images/2633438.jpg,white_hair
safebooru_subset/images/2869671.jpg,white_hair
safebooru_subset/images/3142238.jpg,white_hair
safebooru_subset/images/1951187.jpg,white_hair
safebooru_subset/images/2166074.jpg,white_hair
safebooru_subset/images/2275815.jpg,white_hair
safebooru_subset/images/2242807.jpg,white_hair
safebooru_subset/images/2396962.jpg,white_hair
safebooru_subset/images/1911540.jpg,white_hair
safebooru_subset/images/2513525.jpg,white_hair
safebooru_subset/images/1925468.jpg,white_hair
safebooru_subset/images/1189797.jpg,white_hair
safebooru_subset/images/2905187.jpg,white_hair
safebooru_subset/images/2842480.jpg,white_hair
safebooru_subset/images/1626665.jpg,white_hair
safebooru_subset/images/2790923.jpg,white_hair
safebooru_subset/images/2901167.jpg,white_hair
safebooru_subset/images/2945912.jpg,white_hair
safebooru_subset/images/2276731.jpg,white_hair
safebooru_subset/images/3063669.jpg,white_hair
safebooru_subset/images/2644941.jpg,white_hair
safebooru_subset/images/1523538.jpg,white_hair
safebooru_subset/images/2638624.jpg,white_hair
safebooru_subset/images/1992615.jpg,white_hair
safebooru_subset/images/2413970.jpg,white_hair
safebooru_subset/images/3008382.jpg,white_hair
safebooru_subset/images/2648854.jpg,white_hair
safebooru_subset/images/1037549.jpg,white_hair
safebooru_subset/images/2893877.jpg,white_hair
safebooru_subset/images/2587368.jpg,white_hair
safebooru_subset/images/2116833.jpg,white_hair
safebooru_subset/images/1589035.jpg,white_hair
safebooru_subset/images/2007988.jpg,white_hair
safebooru_subset/images/2856743.jpg,white_hair
safebooru_subset/images/2212185.jpg,white_hair
safebooru_subset/images/1886811.jpg,white_hair
safebooru_subset/images/3082024.jpg,white_hair
safebooru_subset/images/2134875.jpg,white_hair
safebooru_subset/images/1360782.jpg,white_hair
safebooru_subset/images/1396308.jpg,white_hair
safebooru_subset/images/2816124.jpg,white_hair
safebooru_subset/images/1490411.jpg,white_hair
safebooru_subset/images/2267672.jpg,white_hair
safebooru_subset/images/2113811.jpg,white_hair
safebooru_subset/images/1736071.jpg,white_hair
safebooru_subset/images/2464324.jpg,white_hair
safebooru_subset/images/2029693.jpg,white_hair
safebooru_subset/images/2186986.jpg,white_hair
safebooru_subset/images/1858808.jpg,white_hair
safebooru_subset/images/2828528.jpg,white_hair
safebooru_subset/images/2340733.jpg,white_hair
safebooru_subset/images/2234446.jpg,white_hair
safebooru_subset/images/2664214.jpg,white_hair
safebooru_subset/images/1608962.jpg,white_hair
